DNP3point,phase,Index,Measurement mRID,ConductingEquipment,Device Name
c83_Vrms.o1,A,3,_3bf31a65-6554-4a8c-86f2-52fbbbb1ecb9,_D6C44FF1-BC60-49D3-9438-DFAD1AED0A28,DNP3 Slave
c83_Vrms.o2,B,4,_43f8a657-793e-4f66-94ea-fca90f8e90df,_D6C44FF1-BC60-49D3-9438-DFAD1AED0A28,DNP3 Slave
c83_Vrms.o3,C,5,_b52146d9-65c0-4a01-ba93-202c6763f13c,_D6C44FF1-BC60-49D3-9438-DFAD1AED0A28,DNP3 Slave
c88a_Vrms.o1,A,6,_c2300168-c15c-4203-83da-a5eb737b2947,_CABBC3A1-66F5-4B9C-ACB9-476E2389D119,DNP3 Slave
c90b_Vrms.o2,B,7,_e302d534-9a09-461c-b541-a6ec77ec8f5c,_3DE55D2D-34D3-487E-9D6E-3A4DB1E38E47,DNP3 Slave
c92c_Vrms.o3,C,8,_e32c2553-ac03-4c85-b3d3-64256ad41894,_939CA567-AA3D-4972-AABC-1D0AAF4859FE,DNP3 Slave
l1_Vrms.o2,B,9,_3e655536-3777-4a1b-bdea-4226b902876e,_EA408DC0-D30B-41FC-B34E-3D1398982845,DNP3 Slave
l10_Vrms.o1,A,10,_162dcb06-65ea-4e26-8b6e-655e643258a4,_1DB1071C-0119-41EE-8604-CAC7A7B65066,DNP3 Slave
l10_Vrms.o2,B,11,_0d039fd5-b67b-40fb-9aad-df54a512d606,_1DB1071C-0119-41EE-8604-CAC7A7B65066,DNP3 Slave
l10_Vrms.o3,C,12,_11de19e6-39ee-45d9-9ebe-d99d56153aa2,_1DB1071C-0119-41EE-8604-CAC7A7B65066,DNP3 Slave
l100_Vrms.o3,C,13,_d0ee251a-9b4c-4bab-ade8-385aa3540cda,_AE225462-4275-4773-AEEB-81E3406BE035,DNP3 Slave
l101_Vrms.o1,A,14,_4bcab293-4379-4be8-ab7d-d038a078f12a,_C433B201-8F0D-406A-86F8-6BC477565381,DNP3 Slave
l101_Vrms.o2,B,15,_fefc2714-08de-446e-b378-dbec7c9fe085,_C433B201-8F0D-406A-86F8-6BC477565381,DNP3 Slave
l101_Vrms.o3,C,16,_c89c30af-5cf5-47aa-ba83-62e2aa458833,_C433B201-8F0D-406A-86F8-6BC477565381,DNP3 Slave
l102_Vrms.o3,C,17,_c5dc1b5b-2fba-411b-8042-1c3f9c16e70a,_E639BBE3-0E28-49B8-B190-FE36BCE80048,DNP3 Slave
l103_Vrms.o3,C,18,_d0b7a8e0-ce68-4fc7-97c9-63405aa06662,_BDE76F98-BA29-430F-B188-0BFE9856031B,DNP3 Slave
l104_Vrms.o2,B,19,_e33b7a06-73b7-428f-9925-cccd01bdb70a,_CBEF1086-8A4C-4749-B3FE-F229712F04A4,DNP3 Slave
l105_Vrms.o1,A,20,_87057e55-6f95-40e3-964c-e7700ad0a139,_3E7E591F-558B-4DEF-A9E7-C4756B84E9EE,DNP3 Slave
l105_Vrms.o2,B,21,_f7ec35c1-e44a-4e73-8080-e8bd8e2f322c,_3E7E591F-558B-4DEF-A9E7-C4756B84E9EE,DNP3 Slave
l105_Vrms.o3,C,22,_e756862b-ba85-4eeb-9f67-1fa48471c3f7,_3E7E591F-558B-4DEF-A9E7-C4756B84E9EE,DNP3 Slave
l106_Vrms.o2,B,23,_046a9afd-f2f7-444e-911b-d34b2c7d320e,_E430E71C-E0BD-44AB-8902-A7E5A91B991A,DNP3 Slave
l107_Vrms.o1,A,24,_684f7a5c-38ca-4c20-90f4-2b1cc1d90af5,_DD1EC92E-9A10-4711-9A45-CAA34A8A636A,DNP3 Slave
l109_Vrms.o1,A,25,_b040b5c6-f01d-459b-88eb-838251d42cc5,_2E76BEC1-7DD0-4BF4-B8E1-29CD59E48470,DNP3 Slave
l11_Vrms.o1,A,26,_97c65420-24f7-40e9-a102-8314a643d507,_45E1CC00-7B26-4B06-AD1A-310D028BA4C0,DNP3 Slave
l110_Vrms.o1,A,27,_4dc37e9b-5085-4006-a153-340676c03d19,_43DACF06-4C1A-49FE-94C0-199EB5EB8AFC,DNP3 Slave
l111_Vrms.o1,A,28,_e51556f6-3c33-4ed3-98e9-4bc91dd97838,_6AA0C193-C56A-4150-9321-2D6D70FAB1AC,DNP3 Slave
l112_Vrms.o1,A,29,_1207ba28-386a-4b2c-9569-e2e29a814b5b,_1B83BC1F-8E9D-437B-AF13-D8AC4E2C508C,DNP3 Slave
l113_Vrms.o1,A,30,_a59b4408-70e7-4ee0-be13-95a737d96215,_E07C6490-86FB-44A6-A908-C6E26EC605A4,DNP3 Slave
l114_Vrms.o1,A,31,_1f7c8080-7721-43a0-9339-c1cfc942ef9b,_D9683AB9-88C5-4C8F-AC66-FEBFCF729E4E,DNP3 Slave
l114_Vrms.o2,B,32,_e49c16bc-d53b-44ce-bfb1-a73dcc5fa180,_D9683AB9-88C5-4C8F-AC66-FEBFCF729E4E,DNP3 Slave
l114_Vrms.o3,C,33,_7e1ee8e8-2263-4fb1-bf66-e242a6544812,_D9683AB9-88C5-4C8F-AC66-FEBFCF729E4E,DNP3 Slave
l115_Vrms.o1,A,34,_7480bc40-2507-4f29-97fb-d6436c3ebb04,_9091A550-103E-4059-B3EF-F7A7DDB6C0A4,DNP3 Slave
l115_Vrms.o3,C,35,_23b397e5-e232-410a-811c-15988d707d5c,_9091A550-103E-4059-B3EF-F7A7DDB6C0A4,DNP3 Slave
l116_Vrms.o1,A,36,_277966dd-e651-4dd1-9583-34a4586a9cf1,_9A8E07EF-411F-480B-81F5-253416F9C1D1,DNP3 Slave
l116_Vrms.o2,B,37,_4b7b6e6a-5963-4776-b886-8ecf409c211a,_9A8E07EF-411F-480B-81F5-253416F9C1D1,DNP3 Slave
l116_Vrms.o3,C,38,_00347396-b4b0-4218-9aba-b363f2cda841,_9A8E07EF-411F-480B-81F5-253416F9C1D1,DNP3 Slave
l117_Vrms.o1,A,39,_9fac264c-72cb-4214-bfaf-b0d31b54149a,_E98051A6-3CC5-4C3D-A409-FA6F6B722927,DNP3 Slave
l117_Vrms.o2,B,40,_2ceb2096-6c4e-47d6-b994-b0a6354be7a4,_E98051A6-3CC5-4C3D-A409-FA6F6B722927,DNP3 Slave
l117_Vrms.o3,C,41,_afda620e-cec7-49a7-9866-c5b49b466bca,_E98051A6-3CC5-4C3D-A409-FA6F6B722927,DNP3 Slave
l12_Vrms.o3,C,42,_d145b5f8-f979-4014-8dd2-aee870b26f77,_5C03F4C0-12AC-44E0-B3BD-CA4799E3E591,DNP3 Slave
l14_Vrms.o1,A,43,_6ed286f7-fcd6-46a5-b4ed-763381ff83b4,_2DC450A3-0A85-40EC-A70C-E3902A1634D2,DNP3 Slave
l15_Vrms.o1,A,44,_d5cde29d-f6c5-446d-891b-3a3c325e811a,_82F01F0C-7DF1-4058-85E4-52CA2D59DC9F,DNP3 Slave
l16_Vrms.o3,C,45,_a7947ee5-6b0a-4414-8635-4a2147e87347,_197970A0-ED9B-4ABE-8428-93DE8EEB2C57,DNP3 Slave
l17_Vrms.o3,C,46,_bd89ff0a-fe1c-4de4-9bef-ada906652c73,_99C39112-720D-49E3-B7DC-586A90373486,DNP3 Slave
l18_Vrms.o1,A,47,_55c219e9-e115-4be0-9a7e-d61fefcd8642,_EA02C709-D539-4B3F-96BC-BC9A87CC5F9B,DNP3 Slave
l19_Vrms.o1,A,48,_3b15f691-75dd-463b-8127-6abb0a03baa4,_9F16303B-5442-4C59-AA25-63B067F07068,DNP3 Slave
l19_Vrms.o2,B,49,_8a11e881-8699-4dc5-ac9a-e41b42aaee95,_9F16303B-5442-4C59-AA25-63B067F07068,DNP3 Slave
l19_Vrms.o3,C,50,_24b91365-861c-4470-aa47-62643741559e,_9F16303B-5442-4C59-AA25-63B067F07068,DNP3 Slave
l2_Vrms.o3,C,51,_cb1f3259-833b-4935-a6f9-aee2dc290b64,_AE2D829D-77E8-4363-A57B-C21651E99918,DNP3 Slave
l20_Vrms.o1,A,52,_d55c787e-62ab-4fbe-8210-89b2e7d7e08f,_B7B82B08-DEA3-4DF7-B096-68171B890B57,DNP3 Slave
l21_Vrms.o2,B,53,_75b58bd6-7a2b-4638-aee2-9e4712962575,_687614EE-485F-4013-9B5A-800B7745CEC8,DNP3 Slave
l22_Vrms.o1,A,54,_c1a0c0f6-cd18-4a1c-84de-8d358ee2fa40,_AF5EE15A-277B-48EA-B77F-3FB12F2C929D,DNP3 Slave
l22_Vrms.o2,B,55,_2e90f84b-d64f-4dc5-9bc1-f4ac598845f6,_AF5EE15A-277B-48EA-B77F-3FB12F2C929D,DNP3 Slave
l22_Vrms.o3,C,56,_c59fafe2-dc34-4f11-bd42-6f7a405ff99a,_AF5EE15A-277B-48EA-B77F-3FB12F2C929D,DNP3 Slave
l23_Vrms.o3,C,57,_30e76c1f-8ca4-4a7b-ba98-294fe8b6a00d,_CACC3CF3-48A7-4107-91C9-823B9D88135D,DNP3 Slave
l24_Vrms.o1,A,58,_923938dd-6549-4887-a6ff-60937eaeed96,_A289AD3A-E8DE-48F1-A1D3-62E8C3300FF2,DNP3 Slave
l24_Vrms.o2,B,59,_bd344a2d-b0e7-4544-bb14-3b80791615d7,_A289AD3A-E8DE-48F1-A1D3-62E8C3300FF2,DNP3 Slave
l24_Vrms.o3,C,60,_ea111a79-9581-450a-860d-c8b7929850d3,_A289AD3A-E8DE-48F1-A1D3-62E8C3300FF2,DNP3 Slave
l25_Vrms.o1,A,61,_66a79c47-dee4-4cb0-b497-0c2c681614ce,_8B5CE634-E404-4F03-9597-B7A35589E56B,DNP3 Slave
l25_Vrms.o3,C,62,_c8dc64e0-45de-4fe0-93f6-7c239c71f283,_8B5CE634-E404-4F03-9597-B7A35589E56B,DNP3 Slave
l26_Vrms.o1,A,63,_eeb1351c-c232-4595-b369-c5b945e3b877,_4F2BB5D7-4E4A-4191-A5D0-DFDB4E04F3BC,DNP3 Slave
l26_Vrms.o2,B,64,_fa8aab49-1e7a-405f-ac6c-77f9c50edb1c,_4F2BB5D7-4E4A-4191-A5D0-DFDB4E04F3BC,DNP3 Slave
l26_Vrms.o3,C,65,_5d020056-5b63-4064-9a42-11358eaaff72,_4F2BB5D7-4E4A-4191-A5D0-DFDB4E04F3BC,DNP3 Slave
l27_Vrms.o1,A,66,_0bdb24bb-d74f-4480-b9b7-e0826a4a15e3,_CC4C3CA9-CBDF-4986-A6EF-96E44AAB5CA1,DNP3 Slave
l27_Vrms.o3,C,67,_1e699096-200d-473f-b7b4-69423aa4c0bf,_CC4C3CA9-CBDF-4986-A6EF-96E44AAB5CA1,DNP3 Slave
l28_Vrms.o3,C,68,_3138b6d3-e336-4fe2-b833-5786cd8ba7dd,_E6D93292-1744-4521-925F-FB8312594671,DNP3 Slave
l29_Vrms.o1,A,69,_0a9be506-6ddf-40e0-814a-e05cfc95900f,_5262D65A-FF6D-4384-905D-4E1BB517BCCC,DNP3 Slave
l3_Vrms.o1,A,70,_afc9ca0c-98d3-4bb2-8484-5b949848defc,_65A10278-17AC-4F93-9F78-6B0C697C8B0A,DNP3 Slave
l3_Vrms.o2,B,71,_551445b4-d060-4c20-8b0e-ab7cf6cc6f09,_65A10278-17AC-4F93-9F78-6B0C697C8B0A,DNP3 Slave
l3_Vrms.o3,C,72,_4e82cede-b852-4a86-9ed0-4c06851a92da,_65A10278-17AC-4F93-9F78-6B0C697C8B0A,DNP3 Slave
l30_Vrms.o1,A,73,_6e18d7e1-f326-43d7-bdf2-93c301a29ea2,_C32DB82D-8DC6-4BC6-9624-179D1A1D949F,DNP3 Slave
l30_Vrms.o2,B,74,_7b01ee15-3421-4d58-9fc4-909231e893a4,_C32DB82D-8DC6-4BC6-9624-179D1A1D949F,DNP3 Slave
l30_Vrms.o3,C,75,_59b77c36-4216-483c-8f62-15a68bff1a3f,_C32DB82D-8DC6-4BC6-9624-179D1A1D949F,DNP3 Slave
l31_Vrms.o1,A,76,_eb7c228e-5d5e-4f93-89ff-4c5fa9c5c745,_9944A2E8-663F-44BE-BC59-B7044E8BC7FE,DNP3 Slave
l31_Vrms.o2,B,77,_b6c8258a-f26c-4a7a-bbc1-192a30450132,_9944A2E8-663F-44BE-BC59-B7044E8BC7FE,DNP3 Slave
l31_Vrms.o3,C,78,_a6d1162a-6e1f-4013-b37e-830c90d26c04,_9944A2E8-663F-44BE-BC59-B7044E8BC7FE,DNP3 Slave
l32_Vrms.o1,A,79,_63814f5b-e63a-4fc2-b591-dcb8d3eda990,_D7C15256-CE68-41D9-801F-5F00EA0891A0,DNP3 Slave
l32_Vrms.o2,B,80,_2d4425be-f8a9-4cdb-ab04-6448f23cc19f,_D7C15256-CE68-41D9-801F-5F00EA0891A0,DNP3 Slave
l32_Vrms.o3,C,81,_322cc4ea-d3b3-4c44-b4f6-515e9341207e,_D7C15256-CE68-41D9-801F-5F00EA0891A0,DNP3 Slave
l33_Vrms.o3,C,82,_30868450-9659-4f30-ba1a-cb400ca30baa,_E55B8BB5-B386-4381-B1F5-2E8B6DD11A66,DNP3 Slave
l35_Vrms.o1,A,83,_808ba2bc-1355-413c-8896-902d828bb7b1,_F82863AA-3944-4741-8B05-8793E443E9AA,DNP3 Slave
l35_Vrms.o2,B,84,_47d866d9-b6c3-4a62-96f7-47157bc3343b,_F82863AA-3944-4741-8B05-8793E443E9AA,DNP3 Slave
l36_Vrms.o1,A,85,_c629da89-8100-46a1-8bb9-29fa1b44a9c0,_0478F207-BC9A-46BC-B270-98691D503B17,DNP3 Slave
l36_Vrms.o2,B,86,_d96567d3-7c99-4385-b0bb-4041e0b90183,_0478F207-BC9A-46BC-B270-98691D503B17,DNP3 Slave
l36_Vrms.o3,C,87,_00a257bc-06ec-4e80-b2e3-e373cb2414e1,_0478F207-BC9A-46BC-B270-98691D503B17,DNP3 Slave
l37_Vrms.o1,A,88,_fe24bdcf-9c47-4f5c-b171-24dcf4ddd2da,_6BAC9AF3-BF82-456B-9743-564DEF6A65AC,DNP3 Slave
l38_Vrms.o2,B,89,_ebaa7423-8b25-49b4-a443-0210324876b0,_984B00B1-B20E-4DDE-AC07-171A1E0C7B89,DNP3 Slave
l39_Vrms.o2,B,90,_4bc48fcb-d592-4a4d-9ebd-4b59b27150ab,_53F0B19C-344E-4AF8-A2DB-059AC09251E8,DNP3 Slave
l4_Vrms.o3,C,91,_8f52bca0-4554-4e57-8870-8e0f01f50de6,_52E8667E-E647-4783-8CCA-71EA96741711,DNP3 Slave
l40_Vrms.o3,C,92,_c0cfbabc-976b-45d0-875f-9a53f050b5d6,_196F5D43-D671-4296-B6E8-A2D22FA18C6A,DNP3 Slave
l41_Vrms.o1,A,93,_bb866eff-2703-4150-bfa1-f7f9e55fa043,_D5E5461A-A79F-4103-BB4D-070981A6B003,DNP3 Slave
l41_Vrms.o2,B,94,_b28bf5ae-2a37-4eab-aa11-2a9814a2653d,_D5E5461A-A79F-4103-BB4D-070981A6B003,DNP3 Slave
l41_Vrms.o3,C,95,_1192dbc2-8513-48da-b130-2f579eafc0fc,_D5E5461A-A79F-4103-BB4D-070981A6B003,DNP3 Slave
l42_Vrms.o2,B,96,_18757c71-c489-4d8f-aea0-9e21992132b9,_34D245BD-7458-455E-BC36-FEC3601D5D4C,DNP3 Slave
l43_Vrms.o2,B,97,_5e2645c3-df1b-4fe7-919e-e1d5274f96cf,_5D1EEC32-5C06-4A10-A809-E08D8FEE5526,DNP3 Slave
l43_Vrms.o3,C,98,_fe2386be-7551-45c3-a586-11c4be1d1da8,_5D1EEC32-5C06-4A10-A809-E08D8FEE5526,DNP3 Slave
l44_Vrms.o1,A,99,_00d5dca9-866e-4204-81cb-2eefb6635e74,_FBE2882B-3840-44A2-A9DA-539D82CF00DB,DNP3 Slave
l45_Vrms.o1,A,100,_b4a901cb-d351-4c41-9703-89bd787a2225,_2AC05A50-D288-40F0-AC6D-491953D8C700,DNP3 Slave
l45_Vrms.o2,B,101,_21961018-7cfc-409f-8866-159acd8b2aee,_2AC05A50-D288-40F0-AC6D-491953D8C700,DNP3 Slave
l45_Vrms.o3,C,102,_839b9c5e-5fc6-46c7-914a-e97042daab00,_2AC05A50-D288-40F0-AC6D-491953D8C700,DNP3 Slave
l46_Vrms.o1,A,103,_81d808f6-8158-41f4-80a1-13b9aa33b2bc,_32A823B8-3EAD-4395-8DD8-D291CD50AD16,DNP3 Slave
l47_Vrms.o1,A,104,_378701cb-d239-4fe3-aa8f-a4714dc2e9fc,_85EFCB89-5D9D-49A3-967A-B87A7AFD6DC7,DNP3 Slave
l47_Vrms.o2,B,105,_b6ea9d01-74b3-4701-b142-b35230b28f69,_85EFCB89-5D9D-49A3-967A-B87A7AFD6DC7,DNP3 Slave
l47_Vrms.o3,C,106,_2bf38744-1d08-42bc-a52a-63031f2e1c37,_85EFCB89-5D9D-49A3-967A-B87A7AFD6DC7,DNP3 Slave
l48_Vrms.o1,A,107,_acae5ed7-fa77-4fc9-8026-c06514606b2e,_AC96A6C7-29BD-4D7E-A4BE-694B5D7EE2B9,DNP3 Slave
l48_Vrms.o2,B,108,_202a911b-9083-4095-a935-70bb6d42fdfe,_AC96A6C7-29BD-4D7E-A4BE-694B5D7EE2B9,DNP3 Slave
l48_Vrms.o3,C,109,_48f9c2f4-bacd-449e-9ddc-6b6ed04bf265,_AC96A6C7-29BD-4D7E-A4BE-694B5D7EE2B9,DNP3 Slave
l49_Vrms.o1,A,110,_be99ce8e-6bc5-42e7-9b2a-968c19005d09,_A886B436-79DF-41FF-A256-DF4C819EC728,DNP3 Slave
l49_Vrms.o2,B,111,_451054bd-b60c-48b3-8c5c-57d279abe722,_A886B436-79DF-41FF-A256-DF4C819EC728,DNP3 Slave
l49_Vrms.o3,C,112,_96da9ca0-5139-4c79-825b-69ca225ecf73,_A886B436-79DF-41FF-A256-DF4C819EC728,DNP3 Slave
l5_Vrms.o3,C,113,_e9cf3f50-955d-4192-a2ec-2e3cac2c0eed,_CB643816-35C1-4492-A9F9-06D5B97005BF,DNP3 Slave
l50_Vrms.o1,A,114,_4907a39c-a20d-40d9-8774-fff0743d3e73,_3947F4A6-6710-4291-B51C-4E1CC2E0567B,DNP3 Slave
l50_Vrms.o2,B,115,_c18d96d8-bb0b-4b90-bd1b-fe746a53b75f,_3947F4A6-6710-4291-B51C-4E1CC2E0567B,DNP3 Slave
l50_Vrms.o3,C,116,_8e31b408-458d-45af-9add-c3de72439717,_3947F4A6-6710-4291-B51C-4E1CC2E0567B,DNP3 Slave
l52_Vrms.o1,A,117,_0d4c3d33-c10b-46e3-9e8c-0baaf2d9fb09,_003DFCEE-987F-494C-8EE0-559BC071B297,DNP3 Slave
l52_Vrms.o2,B,118,_ce354c92-b20f-4b25-9cfd-f229c3113a2c,_003DFCEE-987F-494C-8EE0-559BC071B297,DNP3 Slave
l52_Vrms.o3,C,119,_74148212-d769-413d-967e-6dfcccf410c5,_003DFCEE-987F-494C-8EE0-559BC071B297,DNP3 Slave
l53_Vrms.o2,B,120,_d086d22d-c1dc-41ab-a77a-989e6746f575,_F0096681-47EB-4062-A467-24603744E0D8,DNP3 Slave
l53_Vrms.o3,C,121,_fc617f22-d58f-4ac3-9528-84cb3adbc5f9,_F0096681-47EB-4062-A467-24603744E0D8,DNP3 Slave
l54_Vrms.o1,A,122,_9525535c-0c01-4958-8ed3-4a1d8787ad4c,_22C80CC0-542E-4E06-A772-98862123B560,DNP3 Slave
l54_Vrms.o2,B,123,_d416e27b-c0ce-42e9-b17d-471950fc4e00,_22C80CC0-542E-4E06-A772-98862123B560,DNP3 Slave
l54_Vrms.o3,C,124,_3beb5151-0fb5-4e82-b3a6-9a9688b4c826,_22C80CC0-542E-4E06-A772-98862123B560,DNP3 Slave
l55_Vrms.o1,A,125,_c95f7c58-5dd9-493c-b0eb-6c20610ba36b,_31C19D78-ED04-4D3A-A4FA-32A597EB1008,DNP3 Slave
l55_Vrms.o2,B,126,_414d372d-e924-40f4-a6d2-bec753392166,_31C19D78-ED04-4D3A-A4FA-32A597EB1008,DNP3 Slave
l55_Vrms.o3,C,127,_017f0352-5826-470d-8415-d1012ec28c10,_31C19D78-ED04-4D3A-A4FA-32A597EB1008,DNP3 Slave
l56_Vrms.o1,A,128,_537ccd4b-6a0d-4a81-99a4-559ae8697329,_CC49B9D2-A1E2-40E6-901C-504CFFC3CC6D,DNP3 Slave
l56_Vrms.o2,B,129,_b05578dc-d72d-47bf-b5dd-6e322691b9ce,_CC49B9D2-A1E2-40E6-901C-504CFFC3CC6D,DNP3 Slave
l56_Vrms.o3,C,130,_348b745b-f082-4aa9-9dff-3fa148c6c827,_CC49B9D2-A1E2-40E6-901C-504CFFC3CC6D,DNP3 Slave
l57_Vrms.o2,B,131,_febbed58-8c08-4a1d-a851-be4c9e7ff59e,_AFFAFF34-A2E9-4588-9582-F0D6BA37DEA4,DNP3 Slave
l59_Vrms.o2,B,132,_4d9ff70c-993f-4788-93fc-bbf4b26fdb1c,_BF4A1987-C61E-4800-9C41-1A3F569C731B,DNP3 Slave
l6_Vrms.o3,C,133,_626c79b8-3ca6-40d4-8639-406e4cc36beb,_5EF8FA72-29BA-4738-9CDD-317DD299F4BF,DNP3 Slave
l61_Vrms.o1,A,134,_5b502571-9a51-4fed-b856-f30e3176d007,_79984B89-72F2-437E-BE53-4A511BB96ECD,DNP3 Slave
l61_Vrms.o2,B,135,_496c52f8-70a4-44e4-9a1a-4543a2a3ac71,_79984B89-72F2-437E-BE53-4A511BB96ECD,DNP3 Slave
l61_Vrms.o3,C,136,_0fb6d41d-f815-436b-855a-2c01a6c49e26,_79984B89-72F2-437E-BE53-4A511BB96ECD,DNP3 Slave
l62_Vrms.o1,A,137,_a7a3d5bd-3474-484a-ad3f-82555e739d92,_13BB6A20-D5A9-4085-84C1-49B47CFC6A30,DNP3 Slave
l62_Vrms.o2,B,138,_829ffb49-b84c-4e0d-b9bf-78c5c0ea85cd,_13BB6A20-D5A9-4085-84C1-49B47CFC6A30,DNP3 Slave
l62_Vrms.o3,C,139,_0282d314-4846-4573-881a-4d4b05289d46,_13BB6A20-D5A9-4085-84C1-49B47CFC6A30,DNP3 Slave
l63_Vrms.o1,A,140,_ad118314-79b4-4e5e-b003-155c81374cb7,_93C16567-2B6A-4CDE-B628-F589A09B5D50,DNP3 Slave
l63_Vrms.o2,B,141,_74cbc4ed-a48f-4f4a-b877-85fe0a271437,_93C16567-2B6A-4CDE-B628-F589A09B5D50,DNP3 Slave
l63_Vrms.o3,C,142,_d819164b-039f-4013-bcd4-72dac3e5ac1b,_93C16567-2B6A-4CDE-B628-F589A09B5D50,DNP3 Slave
l64_Vrms.o1,A,143,_8b182e55-3904-43d6-87ea-5e567129f324,_DD8AF173-BD16-4089-9ABE-E896CBC6E05F,DNP3 Slave
l64_Vrms.o2,B,144,_b428cd45-2462-40e0-8af9-afee76759af8,_DD8AF173-BD16-4089-9ABE-E896CBC6E05F,DNP3 Slave
l64_Vrms.o3,C,145,_110ffcb0-1208-411d-9257-e1bfc99a6ed2,_DD8AF173-BD16-4089-9ABE-E896CBC6E05F,DNP3 Slave
l65_Vrms.o1,A,146,_10cfe9de-d832-4c86-8f2d-739bb3ff8c40,_03EEFED8-A4CA-4635-825E-E0CA20A1C259,DNP3 Slave
l65_Vrms.o2,B,147,_4ef10e7b-649a-4be6-be12-81d92da7fd02,_03EEFED8-A4CA-4635-825E-E0CA20A1C259,DNP3 Slave
l65_Vrms.o3,C,148,_5b8bcac3-3eb3-483c-96c6-558ec8768551,_03EEFED8-A4CA-4635-825E-E0CA20A1C259,DNP3 Slave
l66_Vrms.o1,A,149,_4fada9f1-85c6-4805-9e50-5b2b1f505dfb,_7BD0F369-A91A-41FB-9B14-BC0CBF3FB97C,DNP3 Slave
l67_Vrms.o1,A,150,_7908e5f4-addc-471f-b7ae-61820d6d9e79,_ED2F8B10-49AC-430A-B9F9-F0DEBBC37F30,DNP3 Slave
l67_Vrms.o2,B,151,_9c49041c-4ccb-4070-a5e1-4fbec486bc13,_ED2F8B10-49AC-430A-B9F9-F0DEBBC37F30,DNP3 Slave
l67_Vrms.o3,C,152,_480daaa2-899c-4197-aae4-6ab9612e818f,_ED2F8B10-49AC-430A-B9F9-F0DEBBC37F30,DNP3 Slave
l69_Vrms.o1,A,153,_1239a9ad-0b4e-4f8e-b1ea-59474eada868,_992AFE75-6B4B-4CD1-B4E9-A1716288C2AA,DNP3 Slave
l70_Vrms.o1,A,154,_f3179a28-cf3a-466f-923d-45a059816ca9,_4D4223F8-B722-45D0-8AEF-EE12A9DE229C,DNP3 Slave
l71_Vrms.o1,A,155,_1307c9d4-15eb-48d8-9285-20f5850cf79d,_911896B9-1D5F-4F64-85E3-A51D52FC4AC7,DNP3 Slave
l72_Vrms.o3,C,156,_8e2721a9-df35-4532-8b05-bc37f91f917c,_852FEDDD-F35E-4B75-BE91-1D3D60236DAE,DNP3 Slave
l73_Vrms.o1,A,157,_9444f761-96f4-4056-9827-64b0cb73bb8e,_AC9ACC0D-01EA-4591-8C20-3D9D4AB8A045,DNP3 Slave
l73_Vrms.o2,B,158,_101d2be5-210c-4d3b-b810-29bb17509fca,_AC9ACC0D-01EA-4591-8C20-3D9D4AB8A045,DNP3 Slave
l73_Vrms.o3,C,159,_30469735-247c-4e1e-b77f-6f14a9d987da,_AC9ACC0D-01EA-4591-8C20-3D9D4AB8A045,DNP3 Slave
l74_Vrms.o3,C,160,_244797ba-3ecb-4046-9b3c-a5cb01d4063d,_95220A55-9987-4E4B-B5F7-E4605E7DE3A7,DNP3 Slave
l75_Vrms.o3,C,161,_68555d3f-ff85-4d2f-91c0-4866a09d7951,_1C04143A-F9DA-4454-8DEB-6655B4AFDE5D,DNP3 Slave
l76_Vrms.o1,A,162,_ec435783-9c64-4e46-a5a8-fccc6820ccd8,_85D8841B-69D6-4392-BA78-2749C65C0240,DNP3 Slave
l76_Vrms.o2,B,163,_f1d58a5a-c9cc-4a02-8031-cb8a1c41633d,_85D8841B-69D6-4392-BA78-2749C65C0240,DNP3 Slave
l76_Vrms.o3,C,164,_ee51cbdb-677a-467c-baba-e6c62b61e622,_85D8841B-69D6-4392-BA78-2749C65C0240,DNP3 Slave
l77_Vrms.o1,A,165,_4cd5da14-6fb1-48a4-a1f5-9473d064c50b,_3E03A34E-B192-4A4C-8F56-6ACE62CE8B8A,DNP3 Slave
l77_Vrms.o2,B,166,_9e5c8cc9-505d-4f30-bd9c-7a2dfb988abb,_3E03A34E-B192-4A4C-8F56-6ACE62CE8B8A,DNP3 Slave
l77_Vrms.o3,C,167,_b1e117de-b3d2-4ad6-8849-c3577af74905,_3E03A34E-B192-4A4C-8F56-6ACE62CE8B8A,DNP3 Slave
l78_Vrms.o1,A,168,_08e81e62-4031-475c-a5f1-fabe23d0c9ff,_B287886E-FF1D-476F-9164-253EC9EAB225,DNP3 Slave
l78_Vrms.o2,B,169,_38ad63b6-09b7-41b8-9f17-30f5eb0535c8,_B287886E-FF1D-476F-9164-253EC9EAB225,DNP3 Slave
l78_Vrms.o3,C,170,_09bda3de-3e0f-4c49-ba81-a5f9c27c0dac,_B287886E-FF1D-476F-9164-253EC9EAB225,DNP3 Slave
l79_Vrms.o1,A,171,_d44d1f32-1f16-4228-ae50-cb482014198a,_85D6BE35-989E-4B31-9F61-ED5B3560E58B,DNP3 Slave
l79_Vrms.o2,B,172,_c055faa9-bb54-4dad-8c1b-f99d6ee22bf3,_85D6BE35-989E-4B31-9F61-ED5B3560E58B,DNP3 Slave
l79_Vrms.o3,C,173,_5b616f18-9137-44f5-95c0-182cc58f15b3,_85D6BE35-989E-4B31-9F61-ED5B3560E58B,DNP3 Slave
l8_Vrms.o2,B,174,_552ea73e-fc2a-411c-a021-21fe46df6d80,_86C94507-F0BA-494F-98AB-C9F68022ECF8,DNP3 Slave
l80_Vrms.o1,A,175,_597a3972-86df-4533-989c-12394a4fe30a,_F1125DA0-4059-44E6-9D81-5604468180B1,DNP3 Slave
l80_Vrms.o2,B,176,_76c84872-2200-4050-a61f-04c9daa14e03,_F1125DA0-4059-44E6-9D81-5604468180B1,DNP3 Slave
l80_Vrms.o3,C,177,_bcb9d289-b914-49a0-ba63-4a2d7f16a0ee,_F1125DA0-4059-44E6-9D81-5604468180B1,DNP3 Slave
l81_Vrms.o1,A,178,_b1427845-1297-4ab6-a843-b198969526de,_C59D6941-008A-49C9-894E-FA89D354984C,DNP3 Slave
l81_Vrms.o2,B,179,_5fc97a99-f285-4fab-80b2-9537e37035a6,_C59D6941-008A-49C9-894E-FA89D354984C,DNP3 Slave
l81_Vrms.o3,C,180,_f1196b97-d262-4b89-9456-2614c313f9f3,_C59D6941-008A-49C9-894E-FA89D354984C,DNP3 Slave
l82_Vrms.o1,A,181,_a800e0f5-f09c-4ed6-94f1-119eab3d9504,_D2A543D0-AF3A-4E41-B031-0E3A34DAC3CC,DNP3 Slave
l82_Vrms.o2,B,182,_957dc480-5064-42df-b838-a7bd1dc8546e,_D2A543D0-AF3A-4E41-B031-0E3A34DAC3CC,DNP3 Slave
l82_Vrms.o3,C,183,_79044a0a-dd98-467c-8f59-f9a0b4a434e1,_D2A543D0-AF3A-4E41-B031-0E3A34DAC3CC,DNP3 Slave
l83_Vrms.o3,C,184,_1fb372e5-a974-472a-b353-3effe03941e2,_F75783E3-6755-4C5C-8732-3E0A7FB36435,DNP3 Slave
l85_Vrms.o3,C,185,_6e370799-1187-4b3d-a6be-29d79f7dcc88,_BECC625A-54E6-4951-A958-66F5A2377095,DNP3 Slave
l86_Vrms.o1,A,186,_8a03ada9-f450-4494-a9b0-9bb7de33f4a3,_B89C3656-AC72-469B-B59E-F1F97F427F5A,DNP3 Slave
l86_Vrms.o2,B,187,_b97d017f-90ec-4837-a2e3-3c84fd6c0f25,_B89C3656-AC72-469B-B59E-F1F97F427F5A,DNP3 Slave
l86_Vrms.o3,C,188,_75668a7c-535c-4b03-b6c4-bac7a9af309e,_B89C3656-AC72-469B-B59E-F1F97F427F5A,DNP3 Slave
l88_Vrms.o1,A,189,_5cfe3eff-438b-4dd7-b227-062f08889756,_F6CAABDB-8078-4746-B50B-171FE945E07A,DNP3 Slave
l88_Vrms.o2,B,190,_bab7cd3e-bc63-4741-b28d-007b795bec7b,_F6CAABDB-8078-4746-B50B-171FE945E07A,DNP3 Slave
l88_Vrms.o3,C,191,_800a4c74-cbd7-41b7-a87b-1e8cb8b76955,_F6CAABDB-8078-4746-B50B-171FE945E07A,DNP3 Slave
l9_Vrms.o1,A,192,_29ab49fd-0746-47c0-9cc5-1f92e6419138,_D3E1096A-0A65-425F-BC49-DDB3D2B10E24,DNP3 Slave
l90_Vrms.o1,A,193,_7c5ff826-71dd-47a5-95f8-ce4a1643e95b,_98D72EAF-E4BF-4EF7-9DFC-53E2121F9DD8,DNP3 Slave
l90_Vrms.o2,B,194,_d1057fd2-47b8-464b-8a04-5d3d2ecee365,_98D72EAF-E4BF-4EF7-9DFC-53E2121F9DD8,DNP3 Slave
l90_Vrms.o3,C,195,_4705ee99-ca74-48f6-aa17-cfc56738a911,_98D72EAF-E4BF-4EF7-9DFC-53E2121F9DD8,DNP3 Slave
l92_Vrms.o1,A,196,_99f780a9-6c3e-48c7-ae57-61c8c8c23bed,_A218A6D4-336A-4BB7-93B0-3EB687C2BAB9,DNP3 Slave
l92_Vrms.o2,B,197,_3c8a4dc8-7f50-40a6-b081-a4c243a30a78,_A218A6D4-336A-4BB7-93B0-3EB687C2BAB9,DNP3 Slave
l92_Vrms.o3,C,198,_a748e970-89c7-46d7-9d0b-063930a5bbed,_A218A6D4-336A-4BB7-93B0-3EB687C2BAB9,DNP3 Slave
l94_Vrms.o1,A,199,_f2b1978f-bdb9-4cd4-a862-c50399f509d1,_222BD062-8134-4FBA-8239-411443A3F6EB,DNP3 Slave
l94_Vrms.o2,B,200,_f426cc62-d77f-4cc0-84c0-3cba5d020ea6,_222BD062-8134-4FBA-8239-411443A3F6EB,DNP3 Slave
l94_Vrms.o3,C,201,_22ba4e32-d32e-4bd5-aa6b-d1da1f79bd9a,_222BD062-8134-4FBA-8239-411443A3F6EB,DNP3 Slave
l95_Vrms.o2,B,202,_43e2aae0-16ed-4968-b8be-31fc18710098,_6B9DF165-33F0-483D-A9AA-F8D504FCCB71,DNP3 Slave
l96_Vrms.o1,A,203,_df38e727-fff9-4d05-847f-0314bd375d57,_0F20F97E-831E-4CC3-BCE9-022401571141,DNP3 Slave
l96_Vrms.o2,B,204,_8235855a-3fe8-4449-8913-ab0803aeb781,_0F20F97E-831E-4CC3-BCE9-022401571141,DNP3 Slave
l96_Vrms.o3,C,205,_0c197f72-dc9e-47ff-972c-55e150206a13,_0F20F97E-831E-4CC3-BCE9-022401571141,DNP3 Slave
l97_Vrms.o1,A,206,_8acd2c3b-894b-47cf-873e-c5003717ebed,_86F755BD-1CF9-436E-81A8-4304BBBC1352,DNP3 Slave
l97_Vrms.o2,B,207,_64de45e2-27ea-4a42-aec0-29018d90d312,_86F755BD-1CF9-436E-81A8-4304BBBC1352,DNP3 Slave
l97_Vrms.o3,C,208,_2a2f78a5-510f-404c-b3cb-70196d04e301,_86F755BD-1CF9-436E-81A8-4304BBBC1352,DNP3 Slave
l98_Vrms.o1,A,209,_37e5204b-b9f1-4c76-8259-fb296ecbcbff,_5C6F75C9-E76D-4639-B761-16758F659408,DNP3 Slave
l98_Vrms.o2,B,210,_a82b9b09-3522-4ac8-9090-e63788310a41,_5C6F75C9-E76D-4639-B761-16758F659408,DNP3 Slave
l98_Vrms.o3,C,211,_a16ed038-92c4-4d84-904f-a86d84cfe638,_5C6F75C9-E76D-4639-B761-16758F659408,DNP3 Slave
l99_Vrms.o1,A,212,_90340061-026f-4ba1-915d-86a9aa273478,_735603E7-41C1-4C23-BCF4-300223F11FD1,DNP3 Slave
l99_Vrms.o2,B,213,_c8980924-d120-4461-9e78-4cd0cb773da3,_735603E7-41C1-4C23-BCF4-300223F11FD1,DNP3 Slave
l99_Vrms.o3,C,214,_c42e236e-7229-4299-ab5b-64e3cc94a438,_735603E7-41C1-4C23-BCF4-300223F11FD1,DNP3 Slave
reg1a_Vrms.o1,A,215,_956132ce-c935-4082-a151-43d0959c7e65,_9DA10945-2EDC-43C9-A748-B079D826B0DB,DNP3 Slave
reg1a_Vrms.o2,B,216,_c8a493c5-22e0-40a9-8141-215551ceae63,_9DA10945-2EDC-43C9-A748-B079D826B0DB,DNP3 Slave
reg1a_Vrms.o3,C,217,_7721f2eb-7fdd-4b01-acfe-ec92fcab7437,_9DA10945-2EDC-43C9-A748-B079D826B0DB,DNP3 Slave
s100c_Vrms.o3,C,218,_7aceb21a-aa22-4f0e-8136-d547448cc289,_D009A3C1-C692-4E8B-B61C-41AAB2B9CC3D,DNP3 Slave
s102c_Vrms.o3,C,219,_6f946378-6bba-4db1-9b3a-646e976a4f78,_EF7C5ECB-D33A-4087-BEB6-F31D65141B0D,DNP3 Slave
s103c_Vrms.o3,C,220,_34084725-2042-4043-8e46-41d4fc88f26c,_D5400D7D-AF66-49AF-9D78-97A644C819E4,DNP3 Slave
s104c_Vrms.o3,C,221,_4e3bbe43-5b74-4a05-b087-2304372bd16d,_0822C700-45F4-4B33-966D-E04B259C533F,DNP3 Slave
s106b_Vrms.o2,B,222,_815bbb13-ad68-4504-9ff0-70cb5f70f14f,_876669DF-6329-433E-8E85-9DD1676ED184,DNP3 Slave
s107b_Vrms.o2,B,223,_38312e44-4321-456c-8296-e0da3a78ff93,_F75F741F-5AE6-4B94-9687-EBD448F9A3D2,DNP3 Slave
s109a_Vrms.o1,A,224,_13cbf0a8-449d-4910-af1a-5d8b62ccea35,_4941C310-CE78-4351-8BF5-0445AFCD5685,DNP3 Slave
s10a_Vrms.o1,A,225,_81a51e42-7f49-4d2e-8b04-a2ac0682a4c8,_7E0FFB05-EA3C-48AB-8CA9-338BF99DCECB,DNP3 Slave
s111a_Vrms.o1,A,226,_7f3ed50b-f22e-47e2-9c2f-87b7b7275aef,_3F1FF1B4-94D8-4D26-A987-AB286E2362A6,DNP3 Slave
s112a_Vrms.o1,A,227,_843eae72-ffc4-4e92-9b5e-3141237d138d,_17DA5334-766F-48F1-AC2C-B26381825282,DNP3 Slave
s113a_Vrms.o1,A,228,_d8bd1d3c-9140-4c9f-99a0-4a6d02e1cc8a,_BE656414-6022-4085-AEFB-1D0430115DDD,DNP3 Slave
s114a_Vrms.o1,A,229,_02d765b8-ac30-4565-a7b8-44a1c4d71c92,_EE488DF2-AAAF-475A-8E14-F30782F500F1,DNP3 Slave
s11a_Vrms.o1,A,230,_793c8b3c-202b-4cba-8953-c8098e1d428f,_7C5F87CA-60CC-4303-91C1-8C89A7423335,DNP3 Slave
s12b_Vrms.o2,B,231,_8cd29b92-4a50-4466-9952-18a6ec576c27,_D0417CA3-80D6-4949-8D46-FC3996D2E097,DNP3 Slave
s16c_Vrms.o3,C,232,_6ce2f84c-250a-443c-abca-9d64bcb5defb,_759E2973-BEBA-4CA0-AADD-B7CC78224EF2,DNP3 Slave
s17c_Vrms.o3,C,233,_6e8e26f4-4196-44f7-9cc5-0f2eea80f3e6,_E1A73B5A-1313-4175-B51A-7CF771AC0DD6,DNP3 Slave
s19a_Vrms.o1,A,234,_7328e7a1-d34d-4405-b35e-fa54c4234b8c,_59BB0E32-4E9F-4384-A254-FAE3A9C26482,DNP3 Slave
s1a_Vrms.o1,A,235,_73a88982-a388-47f5-8e24-756e33f9c8c3,_EA157357-3736-4481-8CDE-722C5713C786,DNP3 Slave
s20a_Vrms.o1,A,236,_bcfa6f80-f574-4f0c-8e87-52512aed41c1,_55787331-1DC6-4748-9AA1-EA36C22E37EB,DNP3 Slave
s22b_Vrms.o2,B,237,_8a0380e7-b650-48e3-936c-245097e0b7f6,_C3037C54-F57F-4CA5-84A1-06186EA573C0,DNP3 Slave
s24c_Vrms.o3,C,238,_db76d420-9ed9-43d2-9427-43e6faa2bcac,_A35AA2D2-DCE7-4F67-B932-6A5A08AC158E,DNP3 Slave
s28a_Vrms.o1,A,239,_2e55181b-fd8f-4a8d-af9b-3d9cd94e9de3,_DFE6AE03-E62E-41C6-9E79-0F6CF8B5FA04,DNP3 Slave
s29a_Vrms.o1,A,240,_c325e410-48e6-4bc5-a6ce-67db4eed2522,_B9943C73-D4D5-44F2-84CA-8908C7D00F83,DNP3 Slave
s2b_Vrms.o2,B,241,_510ce6bf-06af-464c-88f8-7362c80eb9ed,_7EE88E39-A1DD-43BC-B51D-37A2C7911AB1,DNP3 Slave
s30c_Vrms.o3,C,242,_23cf6fd1-ac8b-44dd-bc11-cd3517bf65e7,_8C599457-6403-447D-838A-7AC5091C123F,DNP3 Slave
s31c_Vrms.o3,C,243,_da981bb9-85fe-4d03-b7d3-02c67e8db2e8,_D5563637-1031-4CA1-B59A-CAA3C787312E,DNP3 Slave
s32c_Vrms.o3,C,244,_3ee0f566-2de4-4735-b405-28a2cdc92207,_9DC99C69-D554-4C53-B1DD-41AE6E495764,DNP3 Slave
s33a_Vrms.o1,A,245,_3afb11b8-af1d-486a-a7a7-2ee4cbf192a0,_8025D6A7-C528-4C99-95AB-8470068127B2,DNP3 Slave
s34c_Vrms.o3,C,246,_93d40c85-0fad-4ee9-8cba-94be18acc41a,_53B10AFF-F2D4-4CB8-9197-569366CA9A0D,DNP3 Slave
s35a_Vrms.o1,A,247,_7eec86b2-458d-4c8d-93a5-a24463a914e7,_7C030653-EC28-49A0-8A1B-2E09E456A2D4,DNP3 Slave
s37a_Vrms.o1,A,248,_55ee8ffe-d779-4320-869a-279ddf838483,_1E48B860-76BD-4B0A-88AC-FCECED61E766,DNP3 Slave
s38b_Vrms.o2,B,249,_0ba2cea5-fa41-4b37-85e3-b7894f598c84,_958E6211-4AFD-4E03-9F15-9D8232B2498B,DNP3 Slave
s39b_Vrms.o2,B,250,_d2c5318d-bb0d-4140-a6fa-e9ed36158cf4,_7E6B0637-9ED9-4037-A107-8FD614CEB493,DNP3 Slave
s41c_Vrms.o3,C,251,_0c0c2256-b5dd-422d-9e9c-a965ace1a1c3,_9A0B3761-9170-4960-834A-07445D1F1C49,DNP3 Slave
s42a_Vrms.o1,A,252,_c71e3e13-edf1-45e3-9f09-e3eb74d31f4b,_470CDEBB-61F8-49D8-86E4-68FE24924082,DNP3 Slave
s43b_Vrms.o2,B,253,_d4a20fc2-ceb5-466c-b7e3-bab0f176ae71,_68075CFF-3389-4C2E-A1EA-327DC58DF172,DNP3 Slave
s45a_Vrms.o1,A,254,_d07152ec-20e4-406c-9c77-d0faecb215ea,_65CA537E-ACC1-4826-BE64-7530AA249899,DNP3 Slave
s46a_Vrms.o1,A,255,_92be8aa8-2126-45c9-b201-099263a43c5f,_B3AA14EF-645C-426D-B8DB-88890419C026,DNP3 Slave
s47_Vrms.o1,A,256,_cdfe34b0-1d8b-4ae8-9429-fc537f881296,_083FC1CB-34E5-4B95-B342-DD9658C78758,DNP3 Slave
s47_Vrms.o2,B,257,_7b1ccb56-0235-47bd-81f2-6a8cc8754f4e,_083FC1CB-34E5-4B95-B342-DD9658C78758,DNP3 Slave
s47_Vrms.o3,C,258,_d6bdb2cf-6dc2-48fe-b0ae-ca06aebb72e8,_083FC1CB-34E5-4B95-B342-DD9658C78758,DNP3 Slave
s48_Vrms.o1,A,259,_1db7ad14-5ba1-4b13-a570-c27ea3a957ad,_600E5F37-9508-4ADC-8A3C-1299C6487206,DNP3 Slave
s48_Vrms.o2,B,260,_0595a337-e47b-4446-9124-56c43a0a03ed,_600E5F37-9508-4ADC-8A3C-1299C6487206,DNP3 Slave
s48_Vrms.o3,C,261,_7a985d52-0712-4166-ab21-e1c6ce8f556a,_600E5F37-9508-4ADC-8A3C-1299C6487206,DNP3 Slave
s49a_Vrms.o1,A,262,_4ef7f517-ff35-43d5-bca8-10cad75365ae,_20ED98F8-DE46-483B-8D02-BCB7199A417A,DNP3 Slave
s49b_Vrms.o2,B,263,_e3f19990-6894-4188-ac14-cf8fe86f91d8,_00AB3D70-564B-492D-9021-8AD714AC1B32,DNP3 Slave
s49c_Vrms.o3,C,264,_d01e425a-e51f-4af2-96ad-ed4ed5132a10,_13CBF36A-3600-492D-8762-9A30B81BD686,DNP3 Slave
s4c_Vrms.o3,C,265,_c147ed46-0157-4144-8367-0c6c89a3d320,_8885F75C-F256-440D-8FEB-3341250061E5,DNP3 Slave
s50c_Vrms.o3,C,266,_f6dc7436-2b73-4605-94de-cdc83145df9b,_66B8C557-1007-440E-9C7C-2EC6A35C320D,DNP3 Slave
s51a_Vrms.o1,A,267,_65efed2d-1706-4377-91f3-52dab8fed0a9,_0DBAF7BF-1989-4EC8-83F7-3DBA6079ADAB,DNP3 Slave
s52a_Vrms.o1,A,268,_e0064a3f-f0bf-4c4d-8762-ebd498ea5c76,_3F605180-674B-4CDE-88CC-2F1A5BB1D3DA,DNP3 Slave
s53a_Vrms.o1,A,269,_eb5bdbcf-06ab-4f00-aca6-d0bff6644439,_62415144-70A4-42CC-AD44-4B7120D2169F,DNP3 Slave
s55a_Vrms.o1,A,270,_540960cf-0ced-4e05-b650-a543bafb8e0b,_DFF0E3D7-7937-4194-B3EB-1516BDE3A1A8,DNP3 Slave
s56b_Vrms.o2,B,271,_3e9a35b5-3359-49f9-88ff-a23d1f458c52,_9C073E59-7B8C-4B0C-B75C-5C33BA9BB296,DNP3 Slave
s58b_Vrms.o2,B,272,_82ebfab5-bcd5-433f-bda4-e76ccca1d53a,_A986DD32-A8AA-4FBC-83BD-7817B7A8B596,DNP3 Slave
s59b_Vrms.o2,B,273,_cdeb301c-50fd-4e70-9bbc-603856d19ba1,_EFFEF02F-8A2F-4BBC-B36C-2445F6D8833B,DNP3 Slave
s5c_Vrms.o3,C,274,_0ef487fb-9eec-4fce-9e80-79467f735a4f,_06BB5F7C-D9AD-4041-A4B4-1BB8B1ECF384,DNP3 Slave
s60a_Vrms.o1,A,275,_95166b23-aae5-444b-946e-5bfd04db9b04,_1D281728-B3AC-4397-907A-F8A19E6A5AB1,DNP3 Slave
s62c_Vrms.o3,C,276,_0e2b52cc-c6dd-4de7-ba04-d32f5a040cb6,_FB758C28-E30F-417B-87AC-F7C503E440F3,DNP3 Slave
s63a_Vrms.o1,A,277,_190d03aa-7987-43f4-85bf-31b937b7ea22,_6D6095A1-B8D2-4FCA-8CD0-F722B4821DDD,DNP3 Slave
s64b_Vrms.o2,B,278,_3c6c21ae-f288-426d-bf45-881ccce6aeef,_364B3380-BCAE-4478-B7D9-AB1AD31CF17D,DNP3 Slave
s65a_Vrms.o1,A,279,_a6c19c59-cfd7-445d-a7ca-ef9c53706242,_57A3AB1F-8829-4C64-9823-778D549941CC,DNP3 Slave
s65b_Vrms.o2,B,280,_6602c228-204e-42f3-918a-a552ffb7e50e,_B6F8037C-13E2-4800-A5B9-C3AE40CAC974,DNP3 Slave
s65c_Vrms.o3,C,281,_adeaed9a-ef5f-4885-8716-a4fa694c721e,_502FCF15-3D10-4007-9B27-B756143087A5,DNP3 Slave
s66c_Vrms.o3,C,282,_86befb95-aa3b-43e8-9e05-9b969cf10449,_99DFCCC5-D806-4C67-A1C6-C42410C707C0,DNP3 Slave
s68a_Vrms.o1,A,283,_49aaa89e-98fc-45e4-96ef-25f980e0e956,_3690313E-CA25-4D64-BAE2-C197313061EC,DNP3 Slave
s69a_Vrms.o1,A,284,_9803e1e2-0486-4175-bfb6-809620ab91f6,_27BB3420-CBCC-4FA9-9F74-C6A4668E2B84,DNP3 Slave
s6c_Vrms.o3,C,285,_7e7d8268-3b61-40eb-8c70-201b18f78bcb,_299AA3FE-80CE-4A8D-8BF0-D5324E9B1319,DNP3 Slave
s70a_Vrms.o1,A,286,_867ca1e7-5c35-4d97-a81c-b58eb3a39d24,_F4DCED4E-C372-4346-93E2-3B42DC095342,DNP3 Slave
s71a_Vrms.o1,A,287,_7d37e30b-5918-41b0-b936-5bc504b2768f,_F042AD78-19E9-4BC3-A297-8BC1C7A8D2FA,DNP3 Slave
s73c_Vrms.o3,C,288,_e801e999-6a02-4219-98d9-0ac1074b08b9,_C85037BE-F5D8-4350-9680-5DFA0D636D14,DNP3 Slave
s74c_Vrms.o3,C,289,_8484cba3-2163-4d05-9102-e9cbc438a0c1,_84344D37-5FF6-41C7-B8BD-0C58C8A6127A,DNP3 Slave
s75c_Vrms.o3,C,290,_9074d945-435e-4c62-8303-e9ce2403c45e,_176E9425-9ECC-46A3-95A2-D2A6E4A44150,DNP3 Slave
s76a_Vrms.o1,A,291,_6e13740c-bb85-4fee-971c-5f01b40c8669,_3B4E504F-D606-4F92-94F0-877E24E025C6,DNP3 Slave
s76b_Vrms.o2,B,292,_613691bd-8e71-4285-ba62-0f7f8285b11b,_DD3BECE1-B157-4339-A940-46A3102DD036,DNP3 Slave
s76c_Vrms.o3,C,293,_0fa9eeb1-9160-4516-8995-2f08644826ad,_FACC9D1F-29AA-4660-A0D3-B437A655540B,DNP3 Slave
s77b_Vrms.o2,B,294,_bb9b754a-726d-4ef1-9b2e-025fc2663105,_57806341-A674-43F9-9D9D-DCBA5E973F54,DNP3 Slave
s79a_Vrms.o1,A,295,_2dbf5ea5-c29a-4f18-ab72-e5fffde281c9,_18DAD4F8-81BC-4A70-8872-96CD6758EC93,DNP3 Slave
s7a_Vrms.o1,A,296,_2845a96b-4c5e-4a4d-9faf-89f61e8c2708,_09C4116E-90E0-42E8-B284-4A224C82387D,DNP3 Slave
s80b_Vrms.o2,B,297,_86860789-5fb5-4126-838c-1e333d837398,_72BEEFCE-701D-4B35-98D9-89341BEF210D,DNP3 Slave
s82a_Vrms.o1,A,298,_e3a7494b-5c49-4813-973d-e4cc7101e2f4,_73E53FC8-9ACE-46A7-8545-9FCD9A2BE8F1,DNP3 Slave
s83c_Vrms.o3,C,299,_812abb2f-d866-4628-b468-c47653a44a9c,_54AF93F0-5800-4807-890C-5A287F7BEB7C,DNP3 Slave
s84c_Vrms.o3,C,300,_34ee1373-0794-4bf7-90de-b7136f5778d0,_9EF99C68-8B0E-43B4-8788-4799580DD6F8,DNP3 Slave
s85c_Vrms.o3,C,301,_2d768a5f-710e-45d0-ad9f-cdd195024cfb,_A8DE8CCA-4406-4387-9FF0-B122A3C1AE93,DNP3 Slave
s86b_Vrms.o2,B,302,_393cc431-9823-491d-9570-785831ccf2fd,_03F8EA33-3E6B-4433-B733-C35D89A5B7A6,DNP3 Slave
s87b_Vrms.o2,B,303,_dd163b23-58a5-463c-9544-412572658c41,_99F8A9C7-622D-466A-A732-2A6AFFF81B10,DNP3 Slave
s88a_Vrms.o1,A,304,_b051fdf7-cd67-436c-bd7c-f48be8c1cdf2,_8F343A5E-A613-46A2-ACFF-D5CEE505C5CE,DNP3 Slave
s90b_Vrms.o2,B,305,_1d8f4e45-c654-4ee0-b8ab-9896638286d6,_27E492A0-A593-46A5-AFF9-64D43D42E898,DNP3 Slave
s92c_Vrms.o3,C,306,_c8dde0d8-f4c4-4f1a-b29b-f4d7413f3214,_FCD2F522-3FAC-45CB-B941-AEDB3B16A2DF,DNP3 Slave
s94a_Vrms.o1,A,307,_0364459b-fe31-4d35-9931-f0f36e919e7f,_BFF9B481-DF3F-462C-9814-4F3396F574E6,DNP3 Slave
s95b_Vrms.o2,B,308,_218bdad9-c1d3-4ed9-91dc-3c6178b213c0,_F8868CE9-727F-4286-97F9-4FF83EE48B3A,DNP3 Slave
s96b_Vrms.o2,B,309,_efd50987-f730-4716-b091-2adfbc55565a,_BAF7127F-F0E5-4B0E-B750-3A92826BBB8D,DNP3 Slave
s98a_Vrms.o1,A,310,_fc47b1c2-6a0a-432b-998a-32cb05470fce,_1575D299-7780-4071-BE3D-75C01E5987D4,DNP3 Slave
s99b_Vrms.o2,B,311,_3bba6e8a-8b4f-4c9c-be6b-e1905bb1ca67,_F725D16B-B25E-4D52-AD64-E792648C2B38,DNP3 Slave
s9a_Vrms.o1,A,312,_6b208800-a756-4b8d-87ff-97efea6662c6,_0A42A7D8-CB0D-4C7A-AB0C-92F4E9DBA92B,DNP3 Slave
sw1_Vrms.o1,A,313,_fea178f7-fe68-402b-a061-4ff8bbfc3977,_7CBC54BB-4A93-410F-AF92-DDA633676AA0,DNP3 Slave
sw1_Vrms.o2,B,314,_5f66aeb8-c787-4d0e-8906-11713b36a1d4,_7CBC54BB-4A93-410F-AF92-DDA633676AA0,DNP3 Slave
sw1_Vrms.o3,C,315,_e3762669-331a-4a01-85fd-2c3795020e4f,_7CBC54BB-4A93-410F-AF92-DDA633676AA0,DNP3 Slave
sw2_Vrms.o1,A,316,_567ae6f3-ebfb-43e0-b54d-a351277512b3,_6C1FDA90-1F4E-4716-BC90-1CCB59A6D5A9,DNP3 Slave
sw2_Vrms.o2,B,317,_4deee3bd-9679-452c-9558-9e07895d8958,_6C1FDA90-1F4E-4716-BC90-1CCB59A6D5A9,DNP3 Slave
sw2_Vrms.o3,C,318,_7cee5e61-1bb2-48f1-a4fe-c2a319a60220,_6C1FDA90-1F4E-4716-BC90-1CCB59A6D5A9,DNP3 Slave
sw3_Vrms.o1,A,319,_ee12af22-8b65-4a1e-92a2-664655cda7b8,_C0E08600-353A-425F-8120-4D0DA40BEA29,DNP3 Slave
sw3_Vrms.o2,B,320,_d7c61027-e4f3-4f56-8231-565f7bf6bf0c,_C0E08600-353A-425F-8120-4D0DA40BEA29,DNP3 Slave
sw3_Vrms.o3,C,321,_a1ad979e-1da4-40f1-9595-391d24e74829,_C0E08600-353A-425F-8120-4D0DA40BEA29,DNP3 Slave
sw4_Vrms.o1,A,322,_1ae30174-f168-4bf6-aa82-3779aaf10fd7,_BC63E102-37AD-4269-BB19-8351403B9B60,DNP3 Slave
sw4_Vrms.o2,B,323,_c15347d1-a634-4120-9637-bb24caa0c150,_BC63E102-37AD-4269-BB19-8351403B9B60,DNP3 Slave
sw4_Vrms.o3,C,324,_a87b8d14-2e45-49dc-866d-d7831e0afcda,_BC63E102-37AD-4269-BB19-8351403B9B60,DNP3 Slave
sw5_Vrms.o1,A,325,_df712915-e700-4eb3-99bc-5f373bc5b5ea,_BF5475DE-062E-43B6-8671-8A2EAA5737EE,DNP3 Slave
sw5_Vrms.o2,B,326,_49e040de-abf6-429f-8433-dae9c945c03c,_BF5475DE-062E-43B6-8671-8A2EAA5737EE,DNP3 Slave
sw5_Vrms.o3,C,327,_ed2d33ae-45b3-4f36-83a8-0a391f492166,_BF5475DE-062E-43B6-8671-8A2EAA5737EE,DNP3 Slave
sw6_Vrms.o1,A,328,_f65ed30a-f895-4a96-a33b-583fc235ec26,_C4486A70-BD65-4535-B8A1-B255CED67606,DNP3 Slave
sw6_Vrms.o2,B,329,_68e934c6-e2a2-449a-93c4-033d9d4d7fed,_C4486A70-BD65-4535-B8A1-B255CED67606,DNP3 Slave
sw6_Vrms.o3,C,330,_df3a5589-5acb-41e0-bce2-c87069460f66,_C4486A70-BD65-4535-B8A1-B255CED67606,DNP3 Slave
sw7_Vrms.o1,A,331,_f42a3611-d66e-48a8-a079-0a280e906633,_7262F9C3-2E8B-4069-AA13-BF4A655ACE35,DNP3 Slave
sw7_Vrms.o2,B,332,_b2e702ed-abd5-4795-9fef-0ad09155d74c,_7262F9C3-2E8B-4069-AA13-BF4A655ACE35,DNP3 Slave
sw7_Vrms.o3,C,333,_fc4b3415-2e06-442c-a3c1-0c67b051dba5,_7262F9C3-2E8B-4069-AA13-BF4A655ACE35,DNP3 Slave
sw8_Vrms.o1,A,334,_e0554a2a-7bb1-489a-9df3-7e93105715f0,_382F5D22-0DB5-4F62-8011-D5D522A45141,DNP3 Slave
xfm1_Vrms.o1,A,335,_d3975783-7614-4a0e-a853-c5a0faabefa3,_D16A0CBB-DE18-4820-BDF5-DA651A688285,DNP3 Slave
xfm1_Vrms.o2,B,336,_744704b1-ff60-46d1-a1cc-6711d772926f,_D16A0CBB-DE18-4820-BDF5-DA651A688285,DNP3 Slave
xfm1_Vrms.o3,C,337,_adc3d41c-495b-4471-89e3-7b4a2a2d6906,_D16A0CBB-DE18-4820-BDF5-DA651A688285,DNP3 Slave
